Song No.,Artist,Song,URL
148,Rachel Platten,Fight Song,https://www.youtube.com/watch?v=LNF-wzKqhow,,
149,The Chainsmokers ft Halsey,Closer,https://www.youtube.com/watch?v=r0A_1UbB70o,,
150,The Chainsmokers,Paris,https://www.youtube.com/watch?v=ERprWn2lYS8,,
151,Bebe Rexha,I Got You,https://www.youtube.com/watch?v=T_gk8kaI45s,,
152,Ed Sheeran,Shape Of You,https://www.youtube.com/watch?v=o71_MatpYV0,,
153,Auli'i Cravalho,How Far I'll Go,https://www.youtube.com/watch?v=a5LOjg1EiAk,,
154,Clean Bandit ft Jess Glyne,Rather Be,https://www.youtube.com/watch?v=VvjoZ5OhLlg,,
155,High School Musical,Start of Something New,https://www.youtube.com/watch?v=vjSQ-10eRD4,,
156,The Weeknd ft. Daft Punk,Starboy,https://www.youtube.com/watch?v=oAYvcN1WVC4,,
157,Zedd and Alessia Cara,Stay,https://www.youtube.com/watch?v=VmWN7k0Jenw,,
158,Clean Bandit ft Zara Larsson,Symphony,https://www.youtube.com/watch?v=Azyv_umdqvk,,
159,OneRepublic,Counting Stars,https://www.youtube.com/watch?v=3EG3CfTv4lQ,,
160,Magic!,Rude,https://www.youtube.com/watch?v=QQre5RbiyGM,,
161,Maroon 5,Payphone,https://www.youtube.com/watch?v=NAOwdpLvJPU,,
162,Maroon 5,Sugar,https://www.youtube.com/watch?v=PqX8aA6w4bM,,
163,Maroon 5,Moves Like Jagger,https://www.youtube.com/watch?v=hAwR8Mx8W44,,
164,One Direction,What Makes You Beautiful,https://www.youtube.com/watch?v=nT_V9acLRS8,,
165,Taylor Swift,Blank Space,https://www.youtube.com/watch?v=EuOp_2Zcr8E,,
166,Carly Rae Jepsen,Call Me Maybe,https://www.youtube.com/watch?v=19B7Iw4sLxc,,
167,Vanessa Carlton,A Thousand Miles,https://www.youtube.com/watch?v=Wzi32dtvAAY,,
168,Taylor Swift,You Belong With Me,https://www.youtube.com/watch?v=5B_dHpwfBXE,,
169,Britney Spears (Arrangement by M.Martinez,Toxic,https://www.youtube.com/watch?v=Yve_ALGRVKo,,
170,Vance Joy (TSwift arr.),Riptide,https://www.youtube.com/watch?v=7Y8jRq_SRws,,
171,Britney Spears  ,Oops I did it Again,https://www.youtube.com/watch?v=NqeYjtg1iOo,,
172,,,,,
173,,,,,
174,,,,,
175,,,,,
176,,,,,
177,,,,,
178,,,,,
179,,,,,
180,,,,,
181,,,,,
182,,,,,
183,,,,,
184,,,,,
185,,,,,
186,,,,,
187,,,,,
188,,,,,
189,,,,,
190,,,,,
191,,,,,
192,,,,,
193,,,,,
194,,,,,
195,,,,,
196,,,,,
197,,,,,
198,,,,,
199,,,,,
200,,,,,
201,,,,,
202,,,,,
203,,,,,
204,,,,,
205,,,,,
206,,,,,
207,,,,,
208,,,,,
209,,,,,
210,,,,,
211,,,,,
212,,,,,
213,,,,,
214,,,,,
215,,,,,
216,,,,,
217,,,,,
218,,,,,
219,,,,,
220,,,,,
221,,,,,
222,,,,,
223,,,,,
224,,,,,
225,,,,,
226,,,,,
227,,,,,
228,,,,,
229,,,,,
230,,,,,
231,,,,,
232,,,,,
233,,,,,
234,,,,,
235,,,,,
236,,,,,
237,,,,,
238,,,,,
239,,,,,
240,,,,,
241,,,,,
242,,,,,
243,,,,,
244,,,,,
245,,,,,
246,,,,,
247,,,,,
248,,,,,
249,,,,,
250,,,,,
251,,,,,
252,,,,,
253,,,,,
254,,,,,
255,,,,,
256,,,,,
257,,,,,
258,,,,,
259,,,,,
260,,,,,
261,,,,,
262,,,,,
263,,,,,
264,,,,,
265,,,,,
266,,,,,
267,,,,,
268,,,,,
269,,,,,
270,,,,,
271,,,,,
272,,,,,
273,,,,,
274,,,,,
275,,,,,
276,,,,,